{
  "best_f1": 0.9973890339425587,
  "best_epoch": 15,
  "final_epoch": 45,
  "math_ratio": 0.0,
  "timestamp": 1771296379.0236032
}