{
  "best_f1": 0.8859934853420195,
  "best_epoch": 42,
  "final_epoch": 59,
  "math_ratio": 0.3531478770131772,
  "timestamp": 1771617728.024721
}