{
  "best_f1": 0.9093799682034976,
  "best_epoch": 17,
  "final_epoch": 47,
  "math_ratio": 0.35643129211837093,
  "timestamp": 1771287171.4841304
}