{
  "best_f1": 0.9194029850746268,
  "best_epoch": 49,
  "final_epoch": 59,
  "math_ratio": 0.3521147161066049,
  "timestamp": 1771237266.0290358
}