{
  "converged": false,
  "interaction_terms": {
    "C(model)[T.Qwen2.5-Coder-1.5B]": {
      "coef": 0.45448284904260916,
      "se": 0.31403418240244857,
      "pvalue": 0.15491734047244293
    },
    "C(model)[T.Qwen2.5-Math-1.5B]": {
      "coef": 0.45448284904266956,
      "se": 0.3140341824024578,
      "pvalue": 0.15491734047240124
    },
    "C(model)[T.experiments]": {
      "coef": 0.007377001907056258,
      "se": 0.0069933026974009225,
      "pvalue": 0.2972443925818108
    },
    "math_pct:C(model)[T.Qwen2.5-Coder-1.5B]": {
      "coef": -0.012064055258458106,
      "se": 0.008863450277678379,
      "pvalue": 0.18041218219808408
    },
    "math_pct:C(model)[T.Qwen2.5-Math-1.5B]": {
      "coef": -0.012064055258458994,
      "se": 0.008863450277678651,
      "pvalue": 0.1804121821980657
    },
    "math_pct:C(model)[T.experiments]": {
      "coef": 0.0003012537897591778,
      "se": 0.0001916915709657027,
      "pvalue": 0.12321803733048393
    }
  },
  "fallback": "OLS"
}