{
  "slope": -0.0014560963739507805,
  "intercept": 0.9575395423335028,
  "r_squared": 0.4353393580689594,
  "p_value": 0.01956298682026323,
  "stderr": 0.0005244087299347123,
  "n": 12
}