{
  "best_f1": 0.9044006069802731,
  "best_epoch": 43,
  "final_epoch": 59,
  "math_ratio": 0.3531478770131772,
  "timestamp": 1771276602.3965573
}