{
  "best_f1": 0.8689839572192514,
  "best_epoch": 15,
  "final_epoch": 45,
  "math_ratio": 0.40676147035148913,
  "timestamp": 1771152325.805129
}