{
  "best_f1": 0.9974025974025974,
  "best_epoch": 15,
  "final_epoch": 45,
  "math_ratio": 0.0,
  "timestamp": 1771298214.8029003
}