{
  "median": -0.0015155995246111803,
  "ci_lower": -0.0075537952561878985,
  "ci_upper": 0.0002456122938551395,
  "n_boot": 5000
}