{
  "fixed_effect_math_pct_coef": -0.002729826925630949,
  "fixed_effect_math_pct_se": 9.498322137076124e-05,
  "pvalue": 1.2044747801927582e-181,
  "converged": true
}