{
  "slope": -0.0015147058185276674,
  "intercept": 0.9585029894136574,
  "r_squared": 0.47134448471027446,
  "p_value": 0.013667902686227388,
  "stderr": 0.0005072773396279183,
  "n": 12
}