{
  "best_f1": 0.862876254180602,
  "best_epoch": 51,
  "final_epoch": 59,
  "math_ratio": 0.5508905852417303,
  "timestamp": 1771065327.6350894
}