{
  "best_f1": 0.8313856427378965,
  "best_epoch": 27,
  "final_epoch": 57,
  "math_ratio": 0.6205594645615239,
  "timestamp": 1771080086.203311
}