{
  "best_f1": 0.9336283185840708,
  "best_epoch": 8,
  "final_epoch": 38,
  "math_ratio": 0.16164154103852596,
  "timestamp": 1771128249.1849613
}