{
  "slope": -0.0015334449213084654,
  "intercept": 0.9588340511410326,
  "r_squared": 0.4748376522167481,
  "p_value": 0.019007150253095323,
  "stderr": 0.0005375528179820603,
  "n": 11
}