{
  "fixed_effect_math_pct_coef": -0.0027282120895926578,
  "fixed_effect_math_pct_se": 8.865452041538759e-05,
  "pvalue": 5.925608287950575e-208,
  "converged": true
}