{
  "median": -0.0015779463301953678,
  "ci_lower": -0.005032415452325813,
  "ci_upper": 0.00010231384069017509,
  "n_boot": 500
}