{
  "median": -0.0022651485729843386,
  "ci_lower": -0.0027388822242148145,
  "ci_upper": -0.0011414098811042407,
  "n_boot": 500
}