{
  "median": -0.002286670454675963,
  "ci_lower": -0.0027399423331307252,
  "ci_upper": -0.0011782992021144255,
  "n_boot": 500
}