{
  "slope": -0.0015457463031097254,
  "intercept": 0.95906437933615,
  "r_squared": 0.4815646463107488,
  "p_value": 0.01784487446351352,
  "stderr": 0.0005346098652701584,
  "n": 11
}