{
  "slope": -0.0022901429258598205,
  "intercept": 0.9834760952937099,
  "r_squared": 0.8233856322920889,
  "p_value": 7.433917683270725e-06,
  "stderr": 0.0003061845956669016,
  "n": 14
}