{
  "fixed_effect_math_pct_coef": -0.00268377342249601,
  "fixed_effect_math_pct_se": 0.00011078306862432375,
  "pvalue": 1.1990788988296325e-129,
  "converged": true
}