{
  "fixed_effect_math_pct_coef": -0.0027443424526292963,
  "fixed_effect_math_pct_se": 9.719875543159736e-05,
  "pvalue": 2.216450892441468e-175,
  "converged": true
}