{
  "median": -0.0009587364668698188,
  "ci_lower": -0.0013844058766508609,
  "ci_upper": 0.0007241906069835508,
  "n_boot": 500
}