{
  "slope": -0.001544763681154665,
  "intercept": 0.9595637014781356,
  "r_squared": 0.2905179161471694,
  "p_value": 0.08709609913616512,
  "stderr": 0.0008046834176680024,
  "n": 11
}