{
  "slope": -0.0017180051379977086,
  "intercept": 0.9659571547091511,
  "r_squared": 0.47730955275058584,
  "p_value": 0.018573002640664107,
  "stderr": 0.0005992739807574185,
  "n": 11
}