{
  "median": -0.001571128585265787,
  "ci_lower": -0.005016573221975866,
  "ci_upper": 0.00012692828360375788,
  "n_boot": 500
}