{
  "fixed_effect_math_pct_coef": -0.0025117389848610225,
  "fixed_effect_math_pct_se": 6.308400931693106e-05,
  "pvalue": 0.0,
  "converged": true
}