{
  "slope": -0.001545746303109708,
  "intercept": 0.9590643793361497,
  "r_squared": 0.48156464631074536,
  "p_value": 0.017844874463514696,
  "stderr": 0.0005346098652701598,
  "n": 11
}