{
  "fixed_effect_math_pct_coef": -0.0027320773921032256,
  "fixed_effect_math_pct_se": 9.39125133941625e-05,
  "pvalue": 4.567906398928804e-186,
  "converged": true
}