{
  "slope": -0.002297470922283153,
  "intercept": 0.9835325071872429,
  "r_squared": 0.8255342183300342,
  "p_value": 6.900005493514805e-06,
  "stderr": 0.00030489267528129813,
  "n": 14
}