{
  "median": -0.0015517251008278629,
  "ci_lower": -0.0050722329267815485,
  "ci_upper": 0.0001178181110990453,
  "n_boot": 500
}