{
  "slope": -0.001511244760456193,
  "intercept": 0.9584465012970358,
  "r_squared": 0.46649617935705534,
  "p_value": 0.020534684171051535,
  "stderr": 0.0005387140158178411,
  "n": 11
}