{
  "slope": -0.002275847448921604,
  "intercept": 0.9833733009244412,
  "r_squared": 0.8204234359732637,
  "p_value": 8.226485527993577e-06,
  "stderr": 0.00030736776884827727,
  "n": 14
}