{
  "median": -0.0022797181602576527,
  "ci_lower": -0.0027399423331307252,
  "ci_upper": -0.0011675729380033017,
  "n_boot": 500
}