{
  "median": -0.0015885559014443724,
  "ci_lower": -0.005032415452325813,
  "ci_upper": 6.96779689219941e-05,
  "n_boot": 500
}