{
  "fixed_effect_math_pct_coef": -0.0027678393210720928,
  "fixed_effect_math_pct_se": 9.926742649372721e-05,
  "pvalue": 4.3308829936801915e-171,
  "converged": true
}