{
  "median": -0.0015843926781299372,
  "ci_lower": -0.004990302146491283,
  "ci_upper": 5.693029551566856e-05,
  "n_boot": 500
}