{
  "slope": -0.0015698491591561396,
  "intercept": 0.9610339068887773,
  "r_squared": 0.4965227134272604,
  "p_value": 0.01546944580692618,
  "stderr": 0.0005269350063667211,
  "n": 11
}