{
  "slope": -0.0015921866458523254,
  "intercept": 0.9597173908444167,
  "r_squared": 0.5377180415152546,
  "p_value": 0.010231667442112985,
  "stderr": 0.0004920949299188189,
  "n": 11
}