{
  "median": -0.0015900687965732935,
  "ci_lower": -0.0084421918399705,
  "ci_upper": 0.0006150303876927836,
  "n_boot": 500
}