{
  "median": -0.0015721449314388429,
  "ci_lower": -0.0084421918399705,
  "ci_upper": -0.0005894529179585799,
  "n_boot": 500
}