{
  "median": -0.0015465467464024388,
  "ci_lower": -0.005016573221975866,
  "ci_upper": 0.00016067956544137693,
  "n_boot": 500
}