{
  "fixed_effect_math_pct_coef": -0.002521831592092923,
  "fixed_effect_math_pct_se": 6.478494892874942e-05,
  "pvalue": 0.0,
  "converged": true
}