{
  "slope": -0.0015921866458523184,
  "intercept": 0.9597173908444167,
  "r_squared": 0.5377180415152552,
  "p_value": 0.01023166744211316,
  "stderr": 0.0004920949299188185,
  "n": 11
}