{
  "fixed_effect_math_pct_coef": -0.0027282120895926578,
  "fixed_effect_math_pct_se": 8.865452041538762e-05,
  "pvalue": 5.9256082879522625e-208,
  "converged": true
}