{
  "fixed_effect_math_pct_coef": -0.002728487173957793,
  "fixed_effect_math_pct_se": 9.919295297151109e-05,
  "pvalue": 1.453199938985579e-166,
  "converged": true
}