{
  "median": -0.0016152952929814094,
  "ci_lower": -0.004950332208956625,
  "ci_upper": -5.2032518938030926e-05,
  "n_boot": 500
}