{
  "fixed_effect_math_pct_coef": -0.0027412010350538474,
  "fixed_effect_math_pct_se": 9.68615941422399e-05,
  "pvalue": 3.437814725060445e-176,
  "converged": true
}