{
  "fixed_effect_math_pct_coef": -0.002527156456984935,
  "fixed_effect_math_pct_se": 6.499148775255185e-05,
  "pvalue": 0.0,
  "converged": true
}