{
  "fixed_effect_math_pct_coef": -0.0027287971298402,
  "fixed_effect_math_pct_se": 9.852851247875221e-05,
  "pvalue": 7.908667182977261e-169,
  "converged": true
}