{
  "slope": -0.0009780083415028736,
  "intercept": 0.9439306400625891,
  "r_squared": 0.5362848494485501,
  "p_value": 0.010385426100467873,
  "stderr": 0.0003031441438814201,
  "n": 11
}