{
  "slope": -0.0015112447604561895,
  "intercept": 0.9584465012970351,
  "r_squared": 0.46649617935705445,
  "p_value": 0.020534684171051726,
  "stderr": 0.0005387140158178411,
  "n": 11
}