{
  "median": -0.0016203770543945983,
  "ci_lower": -0.004543622155315299,
  "ci_upper": 0.00012904466224200118,
  "n_boot": 500
}