{
  "fixed_effect_math_pct_coef": -0.0027287971298401987,
  "fixed_effect_math_pct_se": 9.852851247875228e-05,
  "pvalue": 7.908667182984912e-169,
  "converged": true
}