{
  "slope": -0.0015334449213085036,
  "intercept": 0.9588340511410337,
  "r_squared": 0.47483765221674845,
  "p_value": 0.019007150253093123,
  "stderr": 0.0005375528179820603,
  "n": 11
}