{
  "fixed_effect_math_pct_coef": -0.002728487173957784,
  "fixed_effect_math_pct_se": 9.91929529715111e-05,
  "pvalue": 1.453199938989467e-166,
  "converged": true
}