{
  "best_f1": 0.9076682316118936,
  "best_epoch": 49,
  "final_epoch": 59,
  "math_ratio": 0.3555818074424099,
  "timestamp": 1771336980.9844882
}