arm,n,mean,std,median,se,95ci
Control,10,0.8859934853420196,1.1702778228589004e-16,0.8859934853420195,3.700743415417188e-17,"(0.8859934853420195, 0.8859934853420197)"
Treatment,10,0.8859934853420196,1.1702778228589004e-16,0.8859934853420195,3.700743415417188e-17,"(0.8859934853420195, 0.8859934853420197)"
Unknown,20,0.8859934853420196,1.1390647892519134e-16,0.8859934853420195,2.54702629954375e-17,"(0.8859934853420196, 0.8859934853420196)"
