{
  "best_f1": 0.8574739281575898,
  "best_epoch": 57,
  "final_epoch": 59,
  "math_ratio": 0.5329768270944741,
  "timestamp": 1771059182.9747872
}