{
  "best_f1": 0.9973614775725593,
  "best_epoch": 39,
  "final_epoch": 59,
  "math_ratio": 0.0,
  "timestamp": 1771229728.7147455
}