{
  "best_f1": 0.90625,
  "best_epoch": 58,
  "final_epoch": 59,
  "math_ratio": 0.2929765886287625,
  "timestamp": 1771145055.918614
}