{
  "best_f1": 0.9186991869918699,
  "best_epoch": 33,
  "final_epoch": 59,
  "math_ratio": 0.21750764525993885,
  "timestamp": 1771135869.836301
}