{
  "best_f1": 0.8433451118963486,
  "best_epoch": 26,
  "final_epoch": 56,
  "math_ratio": 0.521889400921659,
  "timestamp": 1771053544.153918
}