{
  "best_f1": 0.9547511312217195,
  "best_epoch": 12,
  "final_epoch": 42,
  "math_ratio": 0.12456822107081174,
  "timestamp": 1771110138.1527376
}