{
  "best_f1": 0.9282296650717703,
  "best_epoch": 44,
  "final_epoch": 59,
  "math_ratio": 0.12209821428571428,
  "timestamp": 1771123882.2742405
}