{
  "best_f1": 0.839481555333998,
  "best_epoch": 35,
  "final_epoch": 59,
  "math_ratio": 0.5761296660117878,
  "timestamp": 1771072113.9249258
}